frame,time_sec,similarity_pct,is_match,threshold,status
1,0.033,68.44,False,75.0,mismatch
2,0.067,68.78,False,75.0,mismatch
3,0.1,69.11,False,75.0,mismatch
4,0.133,66.78,False,75.0,mismatch
5,0.167,68.90,False,75.0,mismatch
6,0.2,69.36,False,75.0,mismatch
7,0.233,67.44,False,75.0,mismatch
8,0.267,66.17,False,75.0,mismatch
9,0.3,66.89,False,75.0,mismatch
10,0.333,71.96,False,75.0,mismatch
11,0.367,70.74,False,75.0,mismatch
12,0.4,70.18,False,75.0,mismatch
13,0.433,70.50,False,75.0,mismatch
14,0.467,70.18,False,75.0,mismatch
15,0.5,70.17,False,75.0,mismatch
16,0.533,70.05,False,75.0,mismatch
17,0.567,71.94,False,75.0,mismatch
18,0.6,71.94,False,75.0,mismatch
19,0.633,71.79,False,75.0,mismatch
20,0.667,73.82,False,75.0,mismatch
21,0.7,73.86,False,75.0,mismatch
22,0.733,76.23,True,75.0,match
23,0.767,70.66,False,75.0,mismatch
24,0.8,70.81,False,75.0,mismatch
25,0.833,68.73,False,75.0,mismatch
26,0.867,70.97,False,75.0,mismatch
27,0.9,70.94,False,75.0,mismatch
28,0.933,70.11,False,75.0,mismatch
29,0.967,68.14,False,75.0,mismatch
30,1.0,68.48,False,75.0,mismatch
31,1.033,66.43,False,75.0,mismatch
32,1.067,57.65,False,75.0,mismatch
33,1.1,58.04,False,75.0,mismatch
34,1.133,,,75.0,no_face
35,1.167,,,75.0,no_face
36,1.2,,,75.0,no_face
37,1.233,,,75.0,no_face
38,1.267,66.14,False,75.0,mismatch
39,1.3,,,75.0,no_face
40,1.333,71.64,False,75.0,mismatch
41,1.367,71.32,False,75.0,mismatch
42,1.4,70.69,False,75.0,mismatch
43,1.433,73.87,False,75.0,mismatch
44,1.467,73.30,False,75.0,mismatch
45,1.5,72.55,False,75.0,mismatch
46,1.533,71.02,False,75.0,mismatch
47,1.567,71.48,False,75.0,mismatch
48,1.6,71.11,False,75.0,mismatch
49,1.633,71.87,False,75.0,mismatch
50,1.667,78.47,True,75.0,match
51,1.7,78.35,True,75.0,match
52,1.733,75.33,True,75.0,match
53,1.767,75.32,True,75.0,match
54,1.8,75.23,True,75.0,match
55,1.833,79.20,True,75.0,match
56,1.867,83.04,True,75.0,match
57,1.9,82.53,True,75.0,match
58,1.933,85.62,True,75.0,match
59,1.967,82.57,True,75.0,match
60,2.0,81.92,True,75.0,match
61,2.033,85.21,True,75.0,match
62,2.067,78.08,True,75.0,match
63,2.1,78.20,True,75.0,match
64,2.133,79.83,True,75.0,match
65,2.167,80.46,True,75.0,match
66,2.2,80.33,True,75.0,match
67,2.233,81.03,True,75.0,match
68,2.267,86.80,True,75.0,match
69,2.3,86.95,True,75.0,match
70,2.333,89.90,True,75.0,match
71,2.367,89.51,True,75.0,match
72,2.4,87.71,True,75.0,match
73,2.433,86.20,True,75.0,match
74,2.467,86.56,True,75.0,match
75,2.5,85.97,True,75.0,match
76,2.533,85.91,True,75.0,match
77,2.567,87.61,True,75.0,match
78,2.6,87.88,True,75.0,match
79,2.633,84.26,True,75.0,match
80,2.667,84.56,True,75.0,match
81,2.7,82.71,True,75.0,match
82,2.733,85.12,True,75.0,match
83,2.767,85.34,True,75.0,match
84,2.8,84.87,True,75.0,match
85,2.833,80.16,True,75.0,match
86,2.867,83.35,True,75.0,match
87,2.9,84.37,True,75.0,match
88,2.933,81.34,True,75.0,match
89,2.967,80.76,True,75.0,match
90,3.0,80.45,True,75.0,match
91,3.033,81.58,True,75.0,match
92,3.067,80.92,True,75.0,match
93,3.1,80.72,True,75.0,match
94,3.133,79.90,True,75.0,match
95,3.167,80.88,True,75.0,match
96,3.2,81.15,True,75.0,match
97,3.233,78.84,True,75.0,match
98,3.267,80.86,True,75.0,match
99,3.3,80.81,True,75.0,match
100,3.333,79.75,True,75.0,match
101,3.367,77.30,True,75.0,match
102,3.4,77.42,True,75.0,match
103,3.433,76.45,True,75.0,match
104,3.467,76.27,True,75.0,match
105,3.5,75.83,True,75.0,match
106,3.533,77.98,True,75.0,match
107,3.567,77.61,True,75.0,match
108,3.6,78.67,True,75.0,match
109,3.633,77.76,True,75.0,match
110,3.667,77.59,True,75.0,match
111,3.7,77.64,True,75.0,match
112,3.733,78.36,True,75.0,match
113,3.767,78.36,True,75.0,match
114,3.8,77.88,True,75.0,match
115,3.833,77.18,True,75.0,match
116,3.867,76.75,True,75.0,match
117,3.9,79.02,True,75.0,match
118,3.933,78.06,True,75.0,match
119,3.967,77.83,True,75.0,match
120,4.0,77.86,True,75.0,match
121,4.033,77.89,True,75.0,match
122,4.067,77.33,True,75.0,match
123,4.1,78.12,True,75.0,match
124,4.133,78.89,True,75.0,match
125,4.167,78.81,True,75.0,match
126,4.2,80.60,True,75.0,match
127,4.233,80.22,True,75.0,match
128,4.267,80.01,True,75.0,match
129,4.3,81.64,True,75.0,match
130,4.333,81.05,True,75.0,match
131,4.367,80.91,True,75.0,match
132,4.4,80.49,True,75.0,match
133,4.433,81.78,True,75.0,match
134,4.467,81.52,True,75.0,match
135,4.5,81.80,True,75.0,match
136,4.533,80.90,True,75.0,match
137,4.567,80.90,True,75.0,match
138,4.6,80.99,True,75.0,match
139,4.633,81.61,True,75.0,match
140,4.667,81.72,True,75.0,match
141,4.7,81.53,True,75.0,match
142,4.733,82.72,True,75.0,match
143,4.767,82.72,True,75.0,match
144,4.8,82.21,True,75.0,match
145,4.833,81.07,True,75.0,match
146,4.867,81.07,True,75.0,match
147,4.9,81.29,True,75.0,match
148,4.933,81.78,True,75.0,match
149,4.967,81.78,True,75.0,match
150,5.0,80.81,True,75.0,match
151,5.033,81.95,True,75.0,match
152,5.067,81.95,True,75.0,match
153,5.1,82.36,True,75.0,match
154,5.133,84.06,True,75.0,match
155,5.167,84.05,True,75.0,match
156,5.2,84.38,True,75.0,match
157,5.233,81.94,True,75.0,match
158,5.267,81.91,True,75.0,match
159,5.3,82.24,True,75.0,match
160,5.333,82.61,True,75.0,match
161,5.367,82.37,True,75.0,match
162,5.4,82.79,True,75.0,match
163,5.433,82.79,True,75.0,match
164,5.467,82.44,True,75.0,match
165,5.5,84.22,True,75.0,match
166,5.533,84.06,True,75.0,match
167,5.567,84.04,True,75.0,match
168,5.6,83.86,True,75.0,match
169,5.633,82.84,True,75.0,match
170,5.667,83.27,True,75.0,match
171,5.7,83.54,True,75.0,match
172,5.733,83.91,True,75.0,match
173,5.767,83.89,True,75.0,match
174,5.8,82.01,True,75.0,match
175,5.833,83.65,True,75.0,match
176,5.867,83.72,True,75.0,match
177,5.9,82.50,True,75.0,match
178,5.933,84.42,True,75.0,match
179,5.967,84.20,True,75.0,match
180,6.0,83.72,True,75.0,match
181,6.033,84.03,True,75.0,match
182,6.067,85.02,True,75.0,match
183,6.1,85.01,True,75.0,match
184,6.133,84.48,True,75.0,match
185,6.167,84.08,True,75.0,match
186,6.2,84.50,True,75.0,match
187,6.233,83.52,True,75.0,match
188,6.267,83.52,True,75.0,match
189,6.3,83.89,True,75.0,match
190,6.333,84.92,True,75.0,match
191,6.367,85.10,True,75.0,match
192,6.4,84.75,True,75.0,match
193,6.433,84.73,True,75.0,match
194,6.467,83.86,True,75.0,match
195,6.5,82.98,True,75.0,match
196,6.533,80.67,True,75.0,match
197,6.567,81.18,True,75.0,match
198,6.6,81.98,True,75.0,match
199,6.633,82.48,True,75.0,match
200,6.667,82.09,True,75.0,match
201,6.7,81.17,True,75.0,match
202,6.733,80.37,True,75.0,match
203,6.767,79.94,True,75.0,match
204,6.8,79.44,True,75.0,match
205,6.833,79.42,True,75.0,match
206,6.867,75.69,True,75.0,match
207,6.9,75.08,True,75.0,match
208,6.933,77.00,True,75.0,match
209,6.967,78.68,True,75.0,match
210,7.0,78.80,True,75.0,match
211,7.033,81.05,True,75.0,match
212,7.067,79.61,True,75.0,match
213,7.1,,,75.0,no_face
214,7.133,,,75.0,no_face
215,7.167,,,75.0,no_face
216,7.2,,,75.0,no_face
217,7.233,,,75.0,no_face
218,7.267,,,75.0,no_face
219,7.3,,,75.0,no_face
220,7.333,,,75.0,no_face
221,7.367,,,75.0,no_face
222,7.4,,,75.0,no_face
223,7.433,,,75.0,no_face
224,7.467,,,75.0,no_face
225,7.5,,,75.0,no_face
226,7.533,,,75.0,no_face
227,7.567,,,75.0,no_face
228,7.6,,,75.0,no_face
229,7.633,,,75.0,no_face
230,7.667,,,75.0,no_face
231,7.7,,,75.0,no_face
232,7.733,,,75.0,no_face
233,7.767,,,75.0,no_face
234,7.8,,,75.0,no_face
235,7.833,,,75.0,no_face
236,7.867,,,75.0,no_face
237,7.9,,,75.0,no_face
238,7.933,,,75.0,no_face
239,7.967,,,75.0,no_face
240,8.0,,,75.0,no_face
241,8.033,,,75.0,no_face
242,8.067,,,75.0,no_face
243,8.1,,,75.0,no_face
244,8.133,,,75.0,no_face
245,8.167,,,75.0,no_face
246,8.2,,,75.0,no_face
247,8.233,,,75.0,no_face
248,8.267,,,75.0,no_face
249,8.3,,,75.0,no_face
250,8.333,,,75.0,no_face
251,8.367,,,75.0,no_face
252,8.4,63.68,False,75.0,mismatch
253,8.433,63.68,False,75.0,mismatch
254,8.467,,,75.0,no_face
255,8.5,,,75.0,no_face
256,8.533,,,75.0,no_face
257,8.567,,,75.0,no_face
258,8.6,,,75.0,no_face
259,8.633,,,75.0,no_face
260,8.667,,,75.0,no_face
261,8.7,,,75.0,no_face
262,8.733,,,75.0,no_face
263,8.767,,,75.0,no_face
264,8.8,,,75.0,no_face
265,8.833,,,75.0,no_face
266,8.867,,,75.0,no_face
267,8.9,,,75.0,no_face
268,8.933,,,75.0,no_face
269,8.967,,,75.0,no_face
270,9.0,,,75.0,no_face
271,9.033,,,75.0,no_face
272,9.067,,,75.0,no_face
273,9.1,,,75.0,no_face
274,9.133,,,75.0,no_face
275,9.167,,,75.0,no_face
276,9.2,,,75.0,no_face
277,9.233,,,75.0,no_face
278,9.267,,,75.0,no_face
279,9.3,,,75.0,no_face
280,9.333,,,75.0,no_face
281,9.367,,,75.0,no_face
282,9.4,,,75.0,no_face
283,9.433,,,75.0,no_face
284,9.467,,,75.0,no_face
285,9.5,,,75.0,no_face
286,9.533,,,75.0,no_face
287,9.567,,,75.0,no_face
288,9.6,,,75.0,no_face
289,9.633,,,75.0,no_face
290,9.667,,,75.0,no_face
291,9.7,62.75,False,75.0,mismatch
292,9.733,64.00,False,75.0,mismatch
293,9.767,62.08,False,75.0,mismatch
294,9.8,,,75.0,no_face
295,9.833,,,75.0,no_face
296,9.867,,,75.0,no_face
297,9.9,,,75.0,no_face
298,9.933,,,75.0,no_face
299,9.967,63.86,False,75.0,mismatch
300,10.0,,,75.0,no_face
301,10.033,,,75.0,no_face
302,10.067,,,75.0,no_face
303,10.1,,,75.0,no_face
304,10.133,,,75.0,no_face
305,10.167,,,75.0,no_face
306,10.2,,,75.0,no_face
307,10.233,,,75.0,no_face
308,10.267,,,75.0,no_face
309,10.3,,,75.0,no_face
310,10.333,,,75.0,no_face
311,10.367,,,75.0,no_face
312,10.4,64.75,False,75.0,mismatch
313,10.433,,,75.0,no_face
314,10.467,64.56,False,75.0,mismatch
315,10.5,64.21,False,75.0,mismatch
316,10.533,64.21,False,75.0,mismatch
317,10.567,63.97,False,75.0,mismatch
318,10.6,64.57,False,75.0,mismatch
319,10.633,64.54,False,75.0,mismatch
320,10.667,64.33,False,75.0,mismatch
321,10.7,66.93,False,75.0,mismatch
322,10.733,66.93,False,75.0,mismatch
323,10.767,61.44,False,75.0,mismatch
324,10.8,63.12,False,75.0,mismatch
325,10.833,64.72,False,75.0,mismatch
326,10.867,62.37,False,75.0,mismatch
327,10.9,64.82,False,75.0,mismatch
328,10.933,62.09,False,75.0,mismatch
329,10.967,64.97,False,75.0,mismatch
330,11.0,63.23,False,75.0,mismatch
331,11.033,62.54,False,75.0,mismatch
332,11.067,64.36,False,75.0,mismatch
333,11.1,63.30,False,75.0,mismatch
334,11.133,63.30,False,75.0,mismatch
335,11.167,63.03,False,75.0,mismatch
336,11.2,64.14,False,75.0,mismatch
337,11.233,63.08,False,75.0,mismatch
338,11.267,66.19,False,75.0,mismatch
339,11.3,60.70,False,75.0,mismatch
340,11.333,62.29,False,75.0,mismatch
341,11.367,61.96,False,75.0,mismatch
342,11.4,62.14,False,75.0,mismatch
343,11.433,62.89,False,75.0,mismatch
344,11.467,65.01,False,75.0,mismatch
345,11.5,,,75.0,no_face
346,11.533,,,75.0,no_face
347,11.567,,,75.0,no_face
348,11.6,,,75.0,no_face
349,11.633,63.64,False,75.0,mismatch
350,11.667,,,75.0,no_face
351,11.7,63.66,False,75.0,mismatch
352,11.733,65.12,False,75.0,mismatch
353,11.767,64.83,False,75.0,mismatch
354,11.8,64.61,False,75.0,mismatch
355,11.833,65.19,False,75.0,mismatch
356,11.867,,,75.0,no_face
357,11.9,65.55,False,75.0,mismatch
358,11.933,65.55,False,75.0,mismatch
359,11.967,64.98,False,75.0,mismatch
360,12.0,64.98,False,75.0,mismatch
361,12.033,64.98,False,75.0,mismatch
362,12.067,65.76,False,75.0,mismatch
363,12.1,64.81,False,75.0,mismatch
364,12.133,64.77,False,75.0,mismatch
365,12.167,64.79,False,75.0,mismatch
366,12.2,65.27,False,75.0,mismatch
367,12.233,65.27,False,75.0,mismatch
368,12.267,66.22,False,75.0,mismatch
369,12.3,65.23,False,75.0,mismatch
370,12.333,64.55,False,75.0,mismatch
371,12.367,63.92,False,75.0,mismatch
372,12.4,63.92,False,75.0,mismatch
373,12.433,63.98,False,75.0,mismatch
374,12.467,63.35,False,75.0,mismatch
375,12.5,63.56,False,75.0,mismatch
376,12.533,64.38,False,75.0,mismatch
377,12.567,67.16,False,75.0,mismatch
378,12.6,65.46,False,75.0,mismatch
379,12.633,65.46,False,75.0,mismatch
380,12.667,65.83,False,75.0,mismatch
381,12.7,65.83,False,75.0,mismatch
382,12.733,65.83,False,75.0,mismatch
383,12.767,65.37,False,75.0,mismatch
384,12.8,65.37,False,75.0,mismatch
385,12.833,65.09,False,75.0,mismatch
386,12.867,65.68,False,75.0,mismatch
387,12.9,67.14,False,75.0,mismatch
388,12.933,66.58,False,75.0,mismatch
389,12.967,66.00,False,75.0,mismatch
390,13.0,66.00,False,75.0,mismatch
391,13.033,66.00,False,75.0,mismatch
392,13.067,66.69,False,75.0,mismatch
393,13.1,66.69,False,75.0,mismatch
394,13.133,66.80,False,75.0,mismatch
395,13.167,65.83,False,75.0,mismatch
396,13.2,67.26,False,75.0,mismatch
397,13.233,64.08,False,75.0,mismatch
398,13.267,65.39,False,75.0,mismatch
399,13.3,66.10,False,75.0,mismatch
400,13.333,65.82,False,75.0,mismatch
401,13.367,64.91,False,75.0,mismatch
402,13.4,64.91,False,75.0,mismatch
403,13.433,64.73,False,75.0,mismatch
404,13.467,63.89,False,75.0,mismatch
405,13.5,65.57,False,75.0,mismatch
406,13.533,65.67,False,75.0,mismatch
407,13.567,,,75.0,no_face
408,13.6,,,75.0,no_face
409,13.633,,,75.0,no_face
410,13.667,,,75.0,no_face
411,13.7,65.76,False,75.0,mismatch
412,13.733,64.84,False,75.0,mismatch
413,13.767,,,75.0,no_face
414,13.8,,,75.0,no_face
415,13.833,,,75.0,no_face
416,13.867,,,75.0,no_face
417,13.9,,,75.0,no_face
418,13.933,62.30,False,75.0,mismatch
419,13.967,,,75.0,no_face
420,14.0,,,75.0,no_face
421,14.033,,,75.0,no_face
422,14.067,,,75.0,no_face
423,14.1,,,75.0,no_face
424,14.133,,,75.0,no_face
425,14.167,,,75.0,no_face
426,14.2,,,75.0,no_face
427,14.233,,,75.0,no_face
428,14.267,,,75.0,no_face
429,14.3,,,75.0,no_face
430,14.333,,,75.0,no_face
431,14.367,,,75.0,no_face
432,14.4,,,75.0,no_face
433,14.433,,,75.0,no_face
434,14.467,62.35,False,75.0,mismatch
435,14.5,64.28,False,75.0,mismatch
436,14.533,62.82,False,75.0,mismatch
437,14.567,,,75.0,no_face
438,14.6,,,75.0,no_face
439,14.633,,,75.0,no_face
440,14.667,,,75.0,no_face
441,14.7,64.98,False,75.0,mismatch
442,14.733,65.69,False,75.0,mismatch
443,14.767,,,75.0,no_face
444,14.8,,,75.0,no_face
445,14.833,,,75.0,no_face
446,14.867,,,75.0,no_face
447,14.9,,,75.0,no_face
448,14.933,,,75.0,no_face
449,14.967,,,75.0,no_face
450,15.0,,,75.0,no_face
451,15.033,,,75.0,no_face
452,15.067,,,75.0,no_face
453,15.1,,,75.0,no_face
454,15.133,,,75.0,no_face
455,15.167,,,75.0,no_face
456,15.2,,,75.0,no_face
457,15.233,,,75.0,no_face
458,15.267,,,75.0,no_face
459,15.3,,,75.0,no_face
460,15.333,68.91,False,75.0,mismatch
461,15.367,,,75.0,no_face
462,15.4,,,75.0,no_face
463,15.433,66.31,False,75.0,mismatch
464,15.467,63.74,False,75.0,mismatch
465,15.5,63.74,False,75.0,mismatch
466,15.533,63.41,False,75.0,mismatch
467,15.567,65.44,False,75.0,mismatch
468,15.6,66.66,False,75.0,mismatch
469,15.633,64.70,False,75.0,mismatch
470,15.667,63.65,False,75.0,mismatch
471,15.7,63.65,False,75.0,mismatch
472,15.733,63.68,False,75.0,mismatch
473,15.767,64.98,False,75.0,mismatch
474,15.8,64.97,False,75.0,mismatch
475,15.833,64.17,False,75.0,mismatch
476,15.867,63.06,False,75.0,mismatch
477,15.9,62.57,False,75.0,mismatch
478,15.933,62.66,False,75.0,mismatch
479,15.967,63.10,False,75.0,mismatch
480,16.0,63.08,False,75.0,mismatch
481,16.033,64.11,False,75.0,mismatch
482,16.067,66.13,False,75.0,mismatch
483,16.1,66.13,False,75.0,mismatch
484,16.133,66.11,False,75.0,mismatch
485,16.167,66.93,False,75.0,mismatch
486,16.2,65.79,False,75.0,mismatch
487,16.233,66.42,False,75.0,mismatch
488,16.267,,,75.0,no_face
489,16.3,64.33,False,75.0,mismatch
490,16.333,61.36,False,75.0,mismatch
491,16.367,66.25,False,75.0,mismatch
492,16.4,66.25,False,75.0,mismatch
493,16.433,65.67,False,75.0,mismatch
494,16.467,61.54,False,75.0,mismatch
495,16.5,61.82,False,75.0,mismatch
496,16.533,62.11,False,75.0,mismatch
497,16.567,62.11,False,75.0,mismatch
498,16.6,63.43,False,75.0,mismatch
499,16.633,62.41,False,75.0,mismatch
500,16.667,62.23,False,75.0,mismatch
501,16.7,61.95,False,75.0,mismatch
502,16.733,62.07,False,75.0,mismatch
503,16.767,64.11,False,75.0,mismatch
504,16.8,64.11,False,75.0,mismatch
505,16.833,62.46,False,75.0,mismatch
506,16.867,62.49,False,75.0,mismatch
507,16.9,62.49,False,75.0,mismatch
508,16.933,62.62,False,75.0,mismatch
509,16.967,63.74,False,75.0,mismatch
510,17.0,63.74,False,75.0,mismatch
511,17.033,62.78,False,75.0,mismatch
512,17.067,64.94,False,75.0,mismatch
513,17.1,64.94,False,75.0,mismatch
514,17.133,64.56,False,75.0,mismatch
515,17.167,65.02,False,75.0,mismatch
516,17.2,64.32,False,75.0,mismatch
517,17.233,64.63,False,75.0,mismatch
518,17.267,64.87,False,75.0,mismatch
519,17.3,62.48,False,75.0,mismatch
520,17.333,65.22,False,75.0,mismatch
521,17.367,65.79,False,75.0,mismatch
522,17.4,64.78,False,75.0,mismatch
523,17.433,65.15,False,75.0,mismatch
524,17.467,60.85,False,75.0,mismatch
525,17.5,60.85,False,75.0,mismatch
526,17.533,60.75,False,75.0,mismatch
527,17.567,60.23,False,75.0,mismatch
528,17.6,61.91,False,75.0,mismatch
529,17.633,62.68,False,75.0,mismatch
530,17.667,,,75.0,no_face
531,17.7,,,75.0,no_face
532,17.733,62.18,False,75.0,mismatch
533,17.767,61.65,False,75.0,mismatch
534,17.8,62.42,False,75.0,mismatch
535,17.833,61.60,False,75.0,mismatch
536,17.867,60.52,False,75.0,mismatch
537,17.9,61.51,False,75.0,mismatch
538,17.933,59.24,False,75.0,mismatch
539,17.967,59.13,False,75.0,mismatch
540,18.0,59.13,False,75.0,mismatch
541,18.033,60.45,False,75.0,mismatch
542,18.067,62.10,False,75.0,mismatch
543,18.1,60.95,False,75.0,mismatch
544,18.133,61.86,False,75.0,mismatch
545,18.167,60.04,False,75.0,mismatch
546,18.2,60.37,False,75.0,mismatch
547,18.233,61.50,False,75.0,mismatch
548,18.267,62.71,False,75.0,mismatch
549,18.3,62.71,False,75.0,mismatch
550,18.333,63.98,False,75.0,mismatch
551,18.367,63.98,False,75.0,mismatch
552,18.4,63.98,False,75.0,mismatch
553,18.433,63.69,False,75.0,mismatch
554,18.467,63.60,False,75.0,mismatch
555,18.5,63.60,False,75.0,mismatch
556,18.533,62.73,False,75.0,mismatch
557,18.567,61.67,False,75.0,mismatch
558,18.6,60.81,False,75.0,mismatch
559,18.633,64.09,False,75.0,mismatch
560,18.667,61.51,False,75.0,mismatch
561,18.7,60.45,False,75.0,mismatch
562,18.733,63.56,False,75.0,mismatch
563,18.767,62.74,False,75.0,mismatch
564,18.8,64.28,False,75.0,mismatch
565,18.833,65.64,False,75.0,mismatch
566,18.867,66.07,False,75.0,mismatch
567,18.9,66.54,False,75.0,mismatch
568,18.933,66.02,False,75.0,mismatch
569,18.967,66.02,False,75.0,mismatch
570,19.0,,,75.0,no_face
571,19.033,,,75.0,no_face
572,19.067,,,75.0,no_face
573,19.1,,,75.0,no_face
574,19.133,,,75.0,no_face
575,19.167,,,75.0,no_face
576,19.2,65.48,False,75.0,mismatch
577,19.233,64.72,False,75.0,mismatch
578,19.267,66.43,False,75.0,mismatch
579,19.3,66.68,False,75.0,mismatch
580,19.333,,,75.0,no_face
581,19.367,,,75.0,no_face
582,19.4,,,75.0,no_face
583,19.433,,,75.0,no_face
584,19.467,,,75.0,no_face
585,19.5,,,75.0,no_face
586,19.533,,,75.0,no_face
587,19.567,,,75.0,no_face
588,19.6,,,75.0,no_face
589,19.633,,,75.0,no_face
590,19.667,,,75.0,no_face
591,19.7,,,75.0,no_face
592,19.733,,,75.0,no_face
593,19.767,,,75.0,no_face
594,19.8,,,75.0,no_face
595,19.833,63.44,False,75.0,mismatch
596,19.867,63.55,False,75.0,mismatch
597,19.9,62.88,False,75.0,mismatch
598,19.933,63.35,False,75.0,mismatch
599,19.967,63.08,False,75.0,mismatch
600,20.0,65.51,False,75.0,mismatch
601,20.033,65.28,False,75.0,mismatch
602,20.067,65.28,False,75.0,mismatch
603,20.1,65.57,False,75.0,mismatch
604,20.133,64.71,False,75.0,mismatch
605,20.167,64.71,False,75.0,mismatch
606,20.2,64.72,False,75.0,mismatch
607,20.233,64.25,False,75.0,mismatch
608,20.267,64.25,False,75.0,mismatch
609,20.3,64.67,False,75.0,mismatch
610,20.333,64.89,False,75.0,mismatch
611,20.367,64.89,False,75.0,mismatch
612,20.4,65.00,False,75.0,mismatch
613,20.433,64.11,False,75.0,mismatch
614,20.467,64.48,False,75.0,mismatch
615,20.5,63.99,False,75.0,mismatch
616,20.533,65.47,False,75.0,mismatch
617,20.567,65.73,False,75.0,mismatch
618,20.6,62.16,False,75.0,mismatch
619,20.633,59.67,False,75.0,mismatch
620,20.667,59.71,False,75.0,mismatch
621,20.7,61.56,False,75.0,mismatch
622,20.733,61.96,False,75.0,mismatch
623,20.767,61.96,False,75.0,mismatch
624,20.8,60.92,False,75.0,mismatch
625,20.833,63.77,False,75.0,mismatch
626,20.867,63.77,False,75.0,mismatch
627,20.9,61.62,False,75.0,mismatch
628,20.933,61.17,False,75.0,mismatch
629,20.967,61.61,False,75.0,mismatch
630,21.0,,,75.0,no_face
631,21.033,63.24,False,75.0,mismatch
632,21.067,62.54,False,75.0,mismatch
633,21.1,,,75.0,no_face
634,21.133,,,75.0,no_face
635,21.167,,,75.0,no_face
636,21.2,,,75.0,no_face
637,21.233,,,75.0,no_face
638,21.267,,,75.0,no_face
639,21.3,,,75.0,no_face
640,21.333,,,75.0,no_face
641,21.367,,,75.0,no_face
642,21.4,61.94,False,75.0,mismatch
643,21.433,62.22,False,75.0,mismatch
644,21.467,62.22,False,75.0,mismatch
645,21.5,62.46,False,75.0,mismatch
646,21.533,62.30,False,75.0,mismatch
647,21.567,62.30,False,75.0,mismatch
648,21.6,61.79,False,75.0,mismatch
649,21.633,61.79,False,75.0,mismatch
650,21.667,62.74,False,75.0,mismatch
651,21.7,61.98,False,75.0,mismatch
652,21.733,63.49,False,75.0,mismatch
653,21.767,63.49,False,75.0,mismatch
654,21.8,62.15,False,75.0,mismatch
655,21.833,62.60,False,75.0,mismatch
656,21.867,62.60,False,75.0,mismatch
657,21.9,62.57,False,75.0,mismatch
658,21.933,62.01,False,75.0,mismatch
659,21.967,62.99,False,75.0,mismatch
660,22.0,64.57,False,75.0,mismatch
661,22.033,64.57,False,75.0,mismatch
662,22.067,63.12,False,75.0,mismatch
663,22.1,63.10,False,75.0,mismatch
664,22.133,62.43,False,75.0,mismatch
665,22.167,62.43,False,75.0,mismatch
666,22.2,63.38,False,75.0,mismatch
667,22.233,62.32,False,75.0,mismatch
668,22.267,61.90,False,75.0,mismatch
669,22.3,61.31,False,75.0,mismatch
670,22.333,62.44,False,75.0,mismatch
671,22.367,62.44,False,75.0,mismatch
672,22.4,62.44,False,75.0,mismatch
673,22.433,62.44,False,75.0,mismatch
674,22.467,62.44,False,75.0,mismatch
675,22.5,62.41,False,75.0,mismatch
676,22.533,62.21,False,75.0,mismatch
677,22.567,62.21,False,75.0,mismatch
678,22.6,61.45,False,75.0,mismatch
679,22.633,61.29,False,75.0,mismatch
680,22.667,61.29,False,75.0,mismatch
681,22.7,61.92,False,75.0,mismatch
682,22.733,61.92,False,75.0,mismatch
683,22.767,62.86,False,75.0,mismatch
684,22.8,63.34,False,75.0,mismatch
685,22.833,63.34,False,75.0,mismatch
686,22.867,63.16,False,75.0,mismatch
687,22.9,61.83,False,75.0,mismatch
688,22.933,61.94,False,75.0,mismatch
689,22.967,61.82,False,75.0,mismatch
690,23.0,,,75.0,no_face
691,23.033,,,75.0,no_face
692,23.067,61.13,False,75.0,mismatch
693,23.1,61.10,False,75.0,mismatch
694,23.133,61.12,False,75.0,mismatch
695,23.167,61.26,False,75.0,mismatch
696,23.2,61.54,False,75.0,mismatch
697,23.233,61.54,False,75.0,mismatch
698,23.267,61.31,False,75.0,mismatch
699,23.3,61.51,False,75.0,mismatch
700,23.333,61.76,False,75.0,mismatch
701,23.367,61.76,False,75.0,mismatch
702,23.4,61.58,False,75.0,mismatch
703,23.433,61.77,False,75.0,mismatch
704,23.467,62.42,False,75.0,mismatch
705,23.5,62.55,False,75.0,mismatch
706,23.533,62.55,False,75.0,mismatch
707,23.567,62.15,False,75.0,mismatch
708,23.6,,,75.0,no_face
709,23.633,,,75.0,no_face
710,23.667,,,75.0,no_face
711,23.7,,,75.0,no_face
712,23.733,,,75.0,no_face
713,23.767,,,75.0,no_face
714,23.8,,,75.0,no_face
715,23.833,,,75.0,no_face
716,23.867,,,75.0,no_face
717,23.9,,,75.0,no_face
718,23.933,,,75.0,no_face
719,23.967,,,75.0,no_face
720,24.0,,,75.0,no_face
721,24.033,,,75.0,no_face
722,24.067,,,75.0,no_face
723,24.1,,,75.0,no_face
724,24.133,,,75.0,no_face
725,24.167,,,75.0,no_face
726,24.2,,,75.0,no_face
727,24.233,,,75.0,no_face
728,24.267,,,75.0,no_face
729,24.3,,,75.0,no_face
730,24.333,,,75.0,no_face
731,24.367,,,75.0,no_face
732,24.4,,,75.0,no_face
733,24.433,,,75.0,no_face
734,24.467,,,75.0,no_face
735,24.5,,,75.0,no_face
736,24.533,,,75.0,no_face
737,24.567,,,75.0,no_face
738,24.6,,,75.0,no_face
739,24.633,,,75.0,no_face
740,24.667,,,75.0,no_face
741,24.7,,,75.0,no_face
742,24.733,,,75.0,no_face
743,24.767,,,75.0,no_face
744,24.8,,,75.0,no_face
745,24.833,,,75.0,no_face
746,24.867,,,75.0,no_face
747,24.9,,,75.0,no_face
748,24.933,,,75.0,no_face
749,24.967,,,75.0,no_face
750,25.0,,,75.0,no_face
751,25.033,63.82,False,75.0,mismatch
752,25.067,65.61,False,75.0,mismatch
753,25.1,63.94,False,75.0,mismatch
754,25.133,63.94,False,75.0,mismatch
755,25.167,63.88,False,75.0,mismatch
756,25.2,64.08,False,75.0,mismatch
757,25.233,64.15,False,75.0,mismatch
758,25.267,65.85,False,75.0,mismatch
759,25.3,62.95,False,75.0,mismatch
760,25.333,63.23,False,75.0,mismatch
761,25.367,62.64,False,75.0,mismatch
762,25.4,62.54,False,75.0,mismatch
763,25.433,62.96,False,75.0,mismatch
764,25.467,62.54,False,75.0,mismatch
765,25.5,62.60,False,75.0,mismatch
766,25.533,62.60,False,75.0,mismatch
767,25.567,63.24,False,75.0,mismatch
768,25.6,62.04,False,75.0,mismatch
769,25.633,62.04,False,75.0,mismatch
770,25.667,62.21,False,75.0,mismatch
771,25.7,62.87,False,75.0,mismatch
772,25.733,63.77,False,75.0,mismatch
773,25.767,63.00,False,75.0,mismatch
774,25.8,61.62,False,75.0,mismatch
775,25.833,63.69,False,75.0,mismatch
776,25.867,62.42,False,75.0,mismatch
777,25.9,64.76,False,75.0,mismatch
778,25.933,64.76,False,75.0,mismatch
779,25.967,64.75,False,75.0,mismatch
780,26.0,63.62,False,75.0,mismatch
781,26.033,63.62,False,75.0,mismatch
782,26.067,63.62,False,75.0,mismatch
783,26.1,64.52,False,75.0,mismatch
784,26.133,64.63,False,75.0,mismatch
785,26.167,64.68,False,75.0,mismatch
786,26.2,64.65,False,75.0,mismatch
787,26.233,64.65,False,75.0,mismatch
788,26.267,63.13,False,75.0,mismatch
789,26.3,62.68,False,75.0,mismatch
790,26.333,62.54,False,75.0,mismatch
791,26.367,63.15,False,75.0,mismatch
792,26.4,62.61,False,75.0,mismatch
793,26.433,63.54,False,75.0,mismatch
794,26.467,67.59,False,75.0,mismatch
795,26.5,72.75,False,75.0,mismatch
796,26.533,73.31,False,75.0,mismatch
797,26.567,73.93,False,75.0,mismatch
798,26.6,72.92,False,75.0,mismatch
799,26.633,72.22,False,75.0,mismatch
800,26.667,67.55,False,75.0,mismatch
801,26.7,69.67,False,75.0,mismatch
802,26.733,69.82,False,75.0,mismatch
803,26.767,70.00,False,75.0,mismatch
804,26.8,69.54,False,75.0,mismatch
805,26.833,73.47,False,75.0,mismatch
806,26.867,78.20,True,75.0,match
807,26.9,74.60,False,75.0,mismatch
808,26.933,75.10,True,75.0,match
809,26.967,73.13,False,75.0,mismatch
810,27.0,72.24,False,75.0,mismatch
811,27.033,73.22,False,75.0,mismatch
812,27.067,71.24,False,75.0,mismatch
813,27.1,72.95,False,75.0,mismatch
814,27.133,72.93,False,75.0,mismatch
815,27.167,72.15,False,75.0,mismatch
816,27.2,70.15,False,75.0,mismatch
817,27.233,72.81,False,75.0,mismatch
818,27.267,73.31,False,75.0,mismatch
819,27.3,72.42,False,75.0,mismatch
820,27.333,72.42,False,75.0,mismatch
821,27.367,73.99,False,75.0,mismatch
822,27.4,73.46,False,75.0,mismatch
823,27.433,74.19,False,75.0,mismatch
824,27.467,76.28,True,75.0,match
825,27.5,76.48,True,75.0,match
826,27.533,76.01,True,75.0,match
827,27.567,74.52,False,75.0,mismatch
828,27.6,74.26,False,75.0,mismatch
829,27.633,73.80,False,75.0,mismatch
830,27.667,74.36,False,75.0,mismatch
831,27.7,73.71,False,75.0,mismatch
832,27.733,73.89,False,75.0,mismatch
833,27.767,74.28,False,75.0,mismatch
834,27.8,74.47,False,75.0,mismatch
835,27.833,75.14,True,75.0,match
836,27.867,74.84,False,75.0,mismatch
837,27.9,74.98,False,75.0,mismatch
838,27.933,74.39,False,75.0,mismatch
839,27.967,73.69,False,75.0,mismatch
840,28.0,73.23,False,75.0,mismatch
841,28.033,73.09,False,75.0,mismatch
842,28.067,72.91,False,75.0,mismatch
843,28.1,74.83,False,75.0,mismatch
844,28.133,74.13,False,75.0,mismatch
845,28.167,68.24,False,75.0,mismatch
846,28.2,74.23,False,75.0,mismatch
847,28.233,74.46,False,75.0,mismatch
848,28.267,74.17,False,75.0,mismatch
849,28.3,73.81,False,75.0,mismatch
850,28.333,76.55,True,75.0,match
851,28.367,75.73,True,75.0,match
852,28.4,76.51,True,75.0,match
853,28.433,75.55,True,75.0,match
854,28.467,76.06,True,75.0,match
855,28.5,77.20,True,75.0,match
856,28.533,77.55,True,75.0,match
857,28.567,75.91,True,75.0,match
858,28.6,75.91,True,75.0,match
859,28.633,76.30,True,75.0,match
860,28.667,76.38,True,75.0,match
861,28.7,76.76,True,75.0,match
862,28.733,76.69,True,75.0,match
863,28.767,71.22,False,75.0,mismatch
864,28.8,71.23,False,75.0,mismatch
865,28.833,71.18,False,75.0,mismatch
866,28.867,73.29,False,75.0,mismatch
867,28.9,74.37,False,75.0,mismatch
868,28.933,74.44,False,75.0,mismatch
869,28.967,75.90,True,75.0,match
870,29.0,75.76,True,75.0,match
871,29.033,76.16,True,75.0,match
872,29.067,75.79,True,75.0,match
873,29.1,76.36,True,75.0,match
874,29.133,75.48,True,75.0,match
875,29.167,75.41,True,75.0,match
876,29.2,74.86,False,75.0,mismatch
877,29.233,75.37,True,75.0,match
878,29.267,75.87,True,75.0,match
879,29.3,75.99,True,75.0,match
880,29.333,76.24,True,75.0,match
881,29.367,77.26,True,75.0,match
882,29.4,77.26,True,75.0,match
883,29.433,74.74,False,75.0,mismatch
884,29.467,73.72,False,75.0,mismatch
885,29.5,73.54,False,75.0,mismatch
886,29.533,73.42,False,75.0,mismatch
887,29.567,74.74,False,75.0,mismatch
888,29.6,75.21,True,75.0,match
889,29.633,76.49,True,75.0,match
890,29.667,75.54,True,75.0,match
891,29.7,75.54,True,75.0,match
892,29.733,74.00,False,75.0,mismatch
893,29.767,72.96,False,75.0,mismatch
894,29.8,73.66,False,75.0,mismatch
895,29.833,72.08,False,75.0,mismatch
896,29.867,75.13,True,75.0,match
897,29.9,74.96,False,75.0,mismatch
898,29.933,77.29,True,75.0,match
899,29.967,77.72,True,75.0,match
900,30.0,77.72,True,75.0,match
901,30.033,77.18,True,75.0,match
902,30.067,76.95,True,75.0,match
903,30.1,76.95,True,75.0,match
904,30.133,76.97,True,75.0,match
905,30.167,76.98,True,75.0,match
906,30.2,76.96,True,75.0,match
907,30.233,77.26,True,75.0,match
908,30.267,77.47,True,75.0,match
909,30.3,77.48,True,75.0,match
910,30.333,77.32,True,75.0,match
911,30.367,77.87,True,75.0,match
912,30.4,77.87,True,75.0,match
913,30.433,77.49,True,75.0,match
914,30.467,77.38,True,75.0,match
915,30.5,77.01,True,75.0,match
916,30.533,76.02,True,75.0,match
917,30.567,76.28,True,75.0,match
918,30.6,76.30,True,75.0,match
919,30.633,75.95,True,75.0,match
920,30.667,76.53,True,75.0,match
921,30.7,76.49,True,75.0,match
922,30.733,76.50,True,75.0,match
923,30.767,75.68,True,75.0,match
924,30.8,75.68,True,75.0,match
925,30.833,75.48,True,75.0,match
926,30.867,76.98,True,75.0,match
927,30.9,76.98,True,75.0,match
928,30.933,76.78,True,75.0,match
929,30.967,76.56,True,75.0,match
930,31.0,76.89,True,75.0,match
931,31.033,76.76,True,75.0,match
932,31.067,76.38,True,75.0,match
933,31.1,76.38,True,75.0,match
934,31.133,76.08,True,75.0,match
935,31.167,76.71,True,75.0,match
936,31.2,76.71,True,75.0,match
937,31.233,76.83,True,75.0,match
938,31.267,76.57,True,75.0,match
939,31.3,76.57,True,75.0,match
940,31.333,76.35,True,75.0,match
941,31.367,76.35,True,75.0,match
942,31.4,76.43,True,75.0,match
943,31.433,76.62,True,75.0,match
944,31.467,76.06,True,75.0,match
945,31.5,76.24,True,75.0,match
946,31.533,76.49,True,75.0,match
947,31.567,77.20,True,75.0,match
948,31.6,77.15,True,75.0,match
949,31.633,77.30,True,75.0,match
950,31.667,77.45,True,75.0,match
951,31.7,77.45,True,75.0,match
952,31.733,78.43,True,75.0,match
953,31.767,77.43,True,75.0,match
954,31.8,77.43,True,75.0,match
955,31.833,78.29,True,75.0,match
956,31.867,77.65,True,75.0,match
957,31.9,77.66,True,75.0,match
958,31.933,77.86,True,75.0,match
959,31.967,77.50,True,75.0,match
960,32.0,77.51,True,75.0,match
961,32.033,77.30,True,75.0,match
962,32.067,77.13,True,75.0,match
963,32.1,77.21,True,75.0,match
964,32.133,77.22,True,75.0,match
965,32.167,77.22,True,75.0,match
966,32.2,77.21,True,75.0,match
967,32.233,77.09,True,75.0,match
968,32.267,77.10,True,75.0,match
969,32.3,77.10,True,75.0,match
970,32.333,77.18,True,75.0,match
971,32.367,77.38,True,75.0,match
972,32.4,77.42,True,75.0,match
973,32.433,77.49,True,75.0,match
974,32.467,78.19,True,75.0,match
975,32.5,78.19,True,75.0,match
976,32.533,78.20,True,75.0,match
977,32.567,78.20,True,75.0,match
978,32.6,78.34,True,75.0,match
979,32.633,78.30,True,75.0,match
980,32.667,78.12,True,75.0,match
981,32.7,77.90,True,75.0,match
982,32.733,77.80,True,75.0,match
983,32.767,77.80,True,75.0,match
984,32.8,77.80,True,75.0,match
985,32.833,78.16,True,75.0,match
986,32.867,78.02,True,75.0,match
987,32.9,78.02,True,75.0,match
988,32.933,77.70,True,75.0,match
989,32.967,77.70,True,75.0,match
990,33.0,77.12,True,75.0,match
991,33.033,77.23,True,75.0,match
992,33.067,76.11,True,75.0,match
993,33.1,76.88,True,75.0,match
994,33.133,76.17,True,75.0,match
995,33.167,76.52,True,75.0,match
996,33.2,77.14,True,75.0,match
997,33.233,77.02,True,75.0,match
998,33.267,77.36,True,75.0,match
999,33.3,77.27,True,75.0,match
1000,33.333,77.20,True,75.0,match
1001,33.367,77.72,True,75.0,match
1002,33.4,76.38,True,75.0,match
1003,33.433,78.70,True,75.0,match
1004,33.467,78.84,True,75.0,match
1005,33.5,78.84,True,75.0,match
1006,33.533,78.54,True,75.0,match
1007,33.567,78.68,True,75.0,match
1008,33.6,78.63,True,75.0,match
1009,33.633,77.99,True,75.0,match
1010,33.667,78.18,True,75.0,match
1011,33.7,78.70,True,75.0,match
1012,33.733,78.07,True,75.0,match
1013,33.767,78.35,True,75.0,match
1014,33.8,78.33,True,75.0,match
1015,33.833,77.67,True,75.0,match
1016,33.867,77.91,True,75.0,match
1017,33.9,77.90,True,75.0,match
1018,33.933,77.70,True,75.0,match
1019,33.967,77.74,True,75.0,match
1020,34.0,77.85,True,75.0,match
1021,34.033,78.25,True,75.0,match
1022,34.067,77.69,True,75.0,match
1023,34.1,77.73,True,75.0,match
1024,34.133,78.72,True,75.0,match
1025,34.167,78.72,True,75.0,match
1026,34.2,77.73,True,75.0,match
1027,34.233,77.07,True,75.0,match
1028,34.267,77.02,True,75.0,match
1029,34.3,77.02,True,75.0,match
1030,34.333,77.64,True,75.0,match
1031,34.367,77.64,True,75.0,match
1032,34.4,76.95,True,75.0,match
1033,34.433,77.14,True,75.0,match
1034,34.467,77.11,True,75.0,match
1035,34.5,77.40,True,75.0,match
1036,34.533,77.45,True,75.0,match
1037,34.567,77.23,True,75.0,match
1038,34.6,77.69,True,75.0,match
1039,34.633,77.36,True,75.0,match
1040,34.667,77.81,True,75.0,match
1041,34.7,77.81,True,75.0,match
1042,34.733,77.31,True,75.0,match
1043,34.767,77.31,True,75.0,match
1044,34.8,77.33,True,75.0,match
1045,34.833,77.20,True,75.0,match
1046,34.867,77.19,True,75.0,match
1047,34.9,77.59,True,75.0,match
1048,34.933,77.50,True,75.0,match
1049,34.967,76.22,True,75.0,match
1050,35.0,77.47,True,75.0,match
1051,35.033,77.29,True,75.0,match
1052,35.067,77.25,True,75.0,match
1053,35.1,77.28,True,75.0,match
1054,35.133,77.79,True,75.0,match
1055,35.167,77.79,True,75.0,match
1056,35.2,77.07,True,75.0,match
1057,35.233,77.44,True,75.0,match
1058,35.267,77.44,True,75.0,match
1059,35.3,78.41,True,75.0,match
1060,35.333,78.20,True,75.0,match
1061,35.367,76.99,True,75.0,match
1062,35.4,77.13,True,75.0,match
1063,35.433,75.87,True,75.0,match
1064,35.467,75.75,True,75.0,match
1065,35.5,76.16,True,75.0,match
1066,35.533,76.67,True,75.0,match
1067,35.567,76.67,True,75.0,match
1068,35.6,77.56,True,75.0,match
1069,35.633,78.43,True,75.0,match
1070,35.667,78.43,True,75.0,match
1071,35.7,78.32,True,75.0,match
1072,35.733,78.14,True,75.0,match
1073,35.767,78.14,True,75.0,match
1074,35.8,77.40,True,75.0,match
1075,35.833,77.57,True,75.0,match
1076,35.867,77.57,True,75.0,match
1077,35.9,78.35,True,75.0,match
1078,35.933,78.52,True,75.0,match
1079,35.967,78.52,True,75.0,match
1080,36.0,78.39,True,75.0,match
1081,36.033,79.05,True,75.0,match
1082,36.067,79.01,True,75.0,match
1083,36.1,77.83,True,75.0,match
1084,36.133,78.26,True,75.0,match
1085,36.167,78.19,True,75.0,match
1086,36.2,77.40,True,75.0,match
1087,36.233,78.65,True,75.0,match
1088,36.267,78.96,True,75.0,match
1089,36.3,78.89,True,75.0,match
1090,36.333,78.55,True,75.0,match
1091,36.367,78.55,True,75.0,match
1092,36.4,78.82,True,75.0,match
1093,36.433,78.82,True,75.0,match
1094,36.467,78.48,True,75.0,match
1095,36.5,78.31,True,75.0,match
1096,36.533,78.36,True,75.0,match
1097,36.567,78.37,True,75.0,match
1098,36.6,78.34,True,75.0,match
1099,36.633,78.19,True,75.0,match
1100,36.667,78.19,True,75.0,match
1101,36.7,77.50,True,75.0,match
1102,36.733,77.38,True,75.0,match
1103,36.767,77.37,True,75.0,match
1104,36.8,77.51,True,75.0,match
1105,36.833,77.51,True,75.0,match
1106,36.867,77.49,True,75.0,match
1107,36.9,77.30,True,75.0,match
1108,36.933,77.58,True,75.0,match
1109,36.967,77.51,True,75.0,match
1110,37.0,77.67,True,75.0,match
1111,37.033,77.42,True,75.0,match
1112,37.067,76.90,True,75.0,match
1113,37.1,74.31,False,75.0,mismatch
1114,37.133,76.98,True,75.0,match
1115,37.167,76.98,True,75.0,match
1116,37.2,75.85,True,75.0,match
1117,37.233,76.36,True,75.0,match
1118,37.267,76.80,True,75.0,match
1119,37.3,77.10,True,75.0,match
1120,37.333,74.75,False,75.0,mismatch
1121,37.367,75.53,True,75.0,match
1122,37.4,77.05,True,75.0,match
1123,37.433,76.49,True,75.0,match
1124,37.467,76.49,True,75.0,match
1125,37.5,76.17,True,75.0,match
1126,37.533,76.57,True,75.0,match
1127,37.567,76.57,True,75.0,match
1128,37.6,77.17,True,75.0,match
1129,37.633,77.34,True,75.0,match
1130,37.667,77.33,True,75.0,match
1131,37.7,77.61,True,75.0,match
1132,37.733,77.04,True,75.0,match
1133,37.767,77.04,True,75.0,match
1134,37.8,76.99,True,75.0,match
1135,37.833,76.46,True,75.0,match
1136,37.867,76.46,True,75.0,match
1137,37.9,78.13,True,75.0,match
1138,37.933,78.15,True,75.0,match
1139,37.967,78.69,True,75.0,match
1140,38.0,78.79,True,75.0,match
1141,38.033,78.79,True,75.0,match
1142,38.067,78.62,True,75.0,match
1143,38.1,78.59,True,75.0,match
1144,38.133,78.48,True,75.0,match
1145,38.167,77.91,True,75.0,match
1146,38.2,78.38,True,75.0,match
1147,38.233,78.38,True,75.0,match
1148,38.267,77.92,True,75.0,match
1149,38.3,79.31,True,75.0,match
1150,38.333,78.42,True,75.0,match
1151,38.367,79.60,True,75.0,match
1152,38.4,78.45,True,75.0,match
1153,38.433,77.99,True,75.0,match
1154,38.467,78.07,True,75.0,match
1155,38.5,78.35,True,75.0,match
1156,38.533,78.05,True,75.0,match
1157,38.567,78.01,True,75.0,match
1158,38.6,78.53,True,75.0,match
1159,38.633,78.56,True,75.0,match
1160,38.667,78.25,True,75.0,match
1161,38.7,78.10,True,75.0,match
1162,38.733,78.10,True,75.0,match
1163,38.767,78.02,True,75.0,match
1164,38.8,78.21,True,75.0,match
1165,38.833,78.21,True,75.0,match
1166,38.867,78.38,True,75.0,match
1167,38.9,78.08,True,75.0,match
1168,38.933,77.85,True,75.0,match
1169,38.967,77.85,True,75.0,match
1170,39.0,77.88,True,75.0,match
1171,39.033,77.92,True,75.0,match
1172,39.067,78.72,True,75.0,match
1173,39.1,78.11,True,75.0,match
1174,39.133,78.11,True,75.0,match
1175,39.167,77.79,True,75.0,match
1176,39.2,77.77,True,75.0,match
1177,39.233,77.77,True,75.0,match
1178,39.267,78.38,True,75.0,match
1179,39.3,78.29,True,75.0,match
1180,39.333,78.29,True,75.0,match
1181,39.367,77.93,True,75.0,match
1182,39.4,77.99,True,75.0,match
1183,39.433,78.00,True,75.0,match
1184,39.467,78.47,True,75.0,match
1185,39.5,78.67,True,75.0,match
1186,39.533,78.67,True,75.0,match
1187,39.567,78.30,True,75.0,match
1188,39.6,78.33,True,75.0,match
1189,39.633,78.33,True,75.0,match
1190,39.667,78.10,True,75.0,match
1191,39.7,77.77,True,75.0,match
1192,39.733,77.77,True,75.0,match
1193,39.767,78.55,True,75.0,match
1194,39.8,78.17,True,75.0,match
1195,39.833,77.02,True,75.0,match
1196,39.867,77.50,True,75.0,match
1197,39.9,77.37,True,75.0,match
1198,39.933,77.37,True,75.0,match
1199,39.967,77.96,True,75.0,match
1200,40.0,76.83,True,75.0,match
1201,40.033,76.83,True,75.0,match
1202,40.067,76.78,True,75.0,match
1203,40.1,76.78,True,75.0,match
1204,40.133,76.78,True,75.0,match
1205,40.167,77.08,True,75.0,match
1206,40.2,77.28,True,75.0,match
1207,40.233,77.28,True,75.0,match
1208,40.267,77.18,True,75.0,match
1209,40.3,77.83,True,75.0,match
1210,40.333,77.83,True,75.0,match
1211,40.367,77.17,True,75.0,match
1212,40.4,77.90,True,75.0,match
1213,40.433,77.90,True,75.0,match
1214,40.467,77.87,True,75.0,match
1215,40.5,77.87,True,75.0,match
1216,40.533,77.87,True,75.0,match
1217,40.567,77.87,True,75.0,match
1218,40.6,77.79,True,75.0,match
1219,40.633,77.59,True,75.0,match
1220,40.667,77.58,True,75.0,match
1221,40.7,78.36,True,75.0,match
1222,40.733,78.36,True,75.0,match
1223,40.767,78.37,True,75.0,match
1224,40.8,75.69,True,75.0,match
1225,40.833,75.69,True,75.0,match
1226,40.867,76.02,True,75.0,match
1227,40.9,75.86,True,75.0,match
1228,40.933,74.98,False,75.0,mismatch
1229,40.967,77.57,True,75.0,match
1230,41.0,78.08,True,75.0,match
1231,41.033,77.72,True,75.0,match
1232,41.067,78.19,True,75.0,match
1233,41.1,77.96,True,75.0,match
1234,41.133,78.27,True,75.0,match
1235,41.167,78.27,True,75.0,match
1236,41.2,78.12,True,75.0,match
1237,41.233,77.42,True,75.0,match
1238,41.267,77.53,True,75.0,match
1239,41.3,77.80,True,75.0,match
1240,41.333,77.80,True,75.0,match
1241,41.367,77.07,True,75.0,match
1242,41.4,78.67,True,75.0,match
1243,41.433,78.73,True,75.0,match
1244,41.467,78.73,True,75.0,match
1245,41.5,79.33,True,75.0,match
1246,41.533,78.87,True,75.0,match
1247,41.567,78.81,True,75.0,match
1248,41.6,78.84,True,75.0,match
1249,41.633,78.53,True,75.0,match
1250,41.667,78.29,True,75.0,match
1251,41.7,78.87,True,75.0,match
1252,41.733,78.89,True,75.0,match
1253,41.767,79.59,True,75.0,match
1254,41.8,79.45,True,75.0,match
1255,41.833,79.45,True,75.0,match
1256,41.867,79.72,True,75.0,match
1257,41.9,78.78,True,75.0,match
1258,41.933,79.04,True,75.0,match
1259,41.967,79.45,True,75.0,match
1260,42.0,79.63,True,75.0,match
1261,42.033,78.20,True,75.0,match
1262,42.067,78.17,True,75.0,match
1263,42.1,79.82,True,75.0,match
1264,42.133,79.82,True,75.0,match
1265,42.167,78.52,True,75.0,match
1266,42.2,78.52,True,75.0,match
1267,42.233,78.60,True,75.0,match
1268,42.267,79.40,True,75.0,match
1269,42.3,79.29,True,75.0,match
1270,42.333,77.96,True,75.0,match
1271,42.367,78.79,True,75.0,match
1272,42.4,78.79,True,75.0,match
1273,42.433,78.98,True,75.0,match
1274,42.467,78.94,True,75.0,match
1275,42.5,79.60,True,75.0,match
1276,42.533,79.60,True,75.0,match
1277,42.567,80.26,True,75.0,match
1278,42.6,80.11,True,75.0,match
1279,42.633,80.14,True,75.0,match
1280,42.667,80.42,True,75.0,match
1281,42.7,80.39,True,75.0,match
1282,42.733,80.12,True,75.0,match
1283,42.767,79.97,True,75.0,match
1284,42.8,80.30,True,75.0,match
1285,42.833,80.52,True,75.0,match
1286,42.867,80.59,True,75.0,match
1287,42.9,80.10,True,75.0,match
1288,42.933,79.97,True,75.0,match
1289,42.967,80.87,True,75.0,match
1290,43.0,81.62,True,75.0,match
1291,43.033,81.60,True,75.0,match
1292,43.067,80.58,True,75.0,match
1293,43.1,79.61,True,75.0,match
1294,43.133,80.13,True,75.0,match
1295,43.167,79.71,True,75.0,match
1296,43.2,80.69,True,75.0,match
1297,43.233,80.69,True,75.0,match
1298,43.267,80.72,True,75.0,match
1299,43.3,80.72,True,75.0,match
1300,43.333,80.70,True,75.0,match
1301,43.367,80.76,True,75.0,match
1302,43.4,80.78,True,75.0,match
1303,43.433,80.73,True,75.0,match
1304,43.467,80.52,True,75.0,match
1305,43.5,80.69,True,75.0,match
1306,43.533,80.53,True,75.0,match
1307,43.567,80.52,True,75.0,match
1308,43.6,80.50,True,75.0,match
1309,43.633,79.93,True,75.0,match
1310,43.667,79.48,True,75.0,match
1311,43.7,79.48,True,75.0,match
1312,43.733,79.38,True,75.0,match
1313,43.767,79.42,True,75.0,match
1314,43.8,79.42,True,75.0,match
1315,43.833,79.79,True,75.0,match
1316,43.867,80.25,True,75.0,match
1317,43.9,79.24,True,75.0,match
1318,43.933,80.32,True,75.0,match
1319,43.967,79.06,True,75.0,match
1320,44.0,79.11,True,75.0,match
1321,44.033,79.69,True,75.0,match
1322,44.067,79.98,True,75.0,match
1323,44.1,79.74,True,75.0,match
1324,44.133,79.74,True,75.0,match
1325,44.167,79.90,True,75.0,match
1326,44.2,79.91,True,75.0,match
1327,44.233,79.99,True,75.0,match
1328,44.267,79.92,True,75.0,match
1329,44.3,79.86,True,75.0,match
1330,44.333,79.37,True,75.0,match
1331,44.367,79.32,True,75.0,match
1332,44.4,79.31,True,75.0,match
1333,44.433,79.46,True,75.0,match
1334,44.467,79.37,True,75.0,match
1335,44.5,79.18,True,75.0,match
1336,44.533,79.34,True,75.0,match
1337,44.567,79.30,True,75.0,match
1338,44.6,79.30,True,75.0,match
1339,44.633,79.35,True,75.0,match
1340,44.667,78.89,True,75.0,match
1341,44.7,78.89,True,75.0,match
1342,44.733,79.37,True,75.0,match
1343,44.767,80.19,True,75.0,match
1344,44.8,80.23,True,75.0,match
1345,44.833,80.21,True,75.0,match
1346,44.867,80.20,True,75.0,match
1347,44.9,80.21,True,75.0,match
1348,44.933,79.97,True,75.0,match
1349,44.967,79.80,True,75.0,match
1350,45.0,79.80,True,75.0,match
1351,45.033,79.88,True,75.0,match
1352,45.067,80.20,True,75.0,match
1353,45.1,80.20,True,75.0,match
1354,45.133,80.33,True,75.0,match
1355,45.167,80.11,True,75.0,match
1356,45.2,80.12,True,75.0,match
1357,45.233,80.62,True,75.0,match
1358,45.267,80.70,True,75.0,match
1359,45.3,80.70,True,75.0,match
1360,45.333,80.51,True,75.0,match
1361,45.367,80.55,True,75.0,match
1362,45.4,80.55,True,75.0,match
1363,45.433,80.81,True,75.0,match
1364,45.467,80.01,True,75.0,match
1365,45.5,80.01,True,75.0,match
1366,45.533,79.93,True,75.0,match
1367,45.567,79.91,True,75.0,match
1368,45.6,79.91,True,75.0,match
1369,45.633,79.99,True,75.0,match
1370,45.667,80.12,True,75.0,match
1371,45.7,79.95,True,75.0,match
1372,45.733,79.81,True,75.0,match
1373,45.767,79.64,True,75.0,match
1374,45.8,79.64,True,75.0,match
1375,45.833,79.64,True,75.0,match
1376,45.867,79.64,True,75.0,match
1377,45.9,79.64,True,75.0,match
1378,45.933,79.18,True,75.0,match
1379,45.967,78.72,True,75.0,match
1380,46.0,78.72,True,75.0,match
1381,46.033,79.15,True,75.0,match
1382,46.067,79.14,True,75.0,match
1383,46.1,79.14,True,75.0,match
1384,46.133,79.14,True,75.0,match
1385,46.167,79.10,True,75.0,match
1386,46.2,79.10,True,75.0,match
1387,46.233,79.08,True,75.0,match
1388,46.267,80.05,True,75.0,match
1389,46.3,80.05,True,75.0,match
1390,46.333,80.25,True,75.0,match
1391,46.367,80.13,True,75.0,match
1392,46.4,80.13,True,75.0,match
1393,46.433,79.71,True,75.0,match
1394,46.467,79.87,True,75.0,match
1395,46.5,79.86,True,75.0,match
1396,46.533,79.72,True,75.0,match
1397,46.567,79.82,True,75.0,match
1398,46.6,79.80,True,75.0,match
1399,46.633,79.96,True,75.0,match
1400,46.667,79.25,True,75.0,match
1401,46.7,79.25,True,75.0,match
1402,46.733,80.01,True,75.0,match
1403,46.767,80.35,True,75.0,match
1404,46.8,80.35,True,75.0,match
1405,46.833,80.51,True,75.0,match
1406,46.867,80.42,True,75.0,match
1407,46.9,80.42,True,75.0,match
1408,46.933,80.40,True,75.0,match
1409,46.967,80.33,True,75.0,match
1410,47.0,80.33,True,75.0,match
1411,47.033,79.95,True,75.0,match
1412,47.067,80.08,True,75.0,match
1413,47.1,80.01,True,75.0,match
1414,47.133,79.46,True,75.0,match
1415,47.167,79.60,True,75.0,match
1416,47.2,79.60,True,75.0,match
1417,47.233,79.88,True,75.0,match
1418,47.267,80.37,True,75.0,match
1419,47.3,80.37,True,75.0,match
1420,47.333,80.13,True,75.0,match
1421,47.367,80.47,True,75.0,match
1422,47.4,80.47,True,75.0,match
1423,47.433,80.21,True,75.0,match
1424,47.467,80.37,True,75.0,match
1425,47.5,80.37,True,75.0,match
1426,47.533,80.00,True,75.0,match
1427,47.567,80.00,True,75.0,match
1428,47.6,80.06,True,75.0,match
1429,47.633,79.57,True,75.0,match
1430,47.667,79.80,True,75.0,match
1431,47.7,79.80,True,75.0,match
1432,47.733,79.67,True,75.0,match
1433,47.767,78.77,True,75.0,match
1434,47.8,79.50,True,75.0,match
1435,47.833,79.28,True,75.0,match
1436,47.867,79.45,True,75.0,match
1437,47.9,79.15,True,75.0,match
1438,47.933,79.80,True,75.0,match
1439,47.967,79.94,True,75.0,match
1440,48.0,80.43,True,75.0,match
1441,48.033,79.33,True,75.0,match
1442,48.067,80.45,True,75.0,match
1443,48.1,80.41,True,75.0,match
1444,48.133,79.82,True,75.0,match
1445,48.167,80.58,True,75.0,match
1446,48.2,80.58,True,75.0,match
1447,48.233,80.48,True,75.0,match
1448,48.267,81.24,True,75.0,match
1449,48.3,81.06,True,75.0,match
1450,48.333,81.39,True,75.0,match
1451,48.367,81.83,True,75.0,match
1452,48.4,79.93,True,75.0,match
1453,48.433,79.13,True,75.0,match
1454,48.467,78.61,True,75.0,match
1455,48.5,79.25,True,75.0,match
1456,48.533,79.03,True,75.0,match
1457,48.567,78.22,True,75.0,match
1458,48.6,77.87,True,75.0,match
1459,48.633,78.37,True,75.0,match
1460,48.667,78.56,True,75.0,match
1461,48.7,82.37,True,75.0,match
1462,48.733,78.86,True,75.0,match
1463,48.767,78.89,True,75.0,match
1464,48.8,77.98,True,75.0,match
1465,48.833,,,75.0,no_face
1466,48.867,,,75.0,no_face
1467,48.9,,,75.0,no_face
1468,48.933,,,75.0,no_face
1469,48.967,,,75.0,no_face
1470,49.0,,,75.0,no_face
1471,49.033,,,75.0,no_face
1472,49.067,,,75.0,no_face
1473,49.1,,,75.0,no_face
1474,49.133,,,75.0,no_face
1475,49.167,,,75.0,no_face
1476,49.2,,,75.0,no_face
1477,49.233,,,75.0,no_face
1478,49.267,,,75.0,no_face
1479,49.3,,,75.0,no_face
1480,49.333,,,75.0,no_face
1481,49.367,,,75.0,no_face
1482,49.4,,,75.0,no_face
1483,49.433,,,75.0,no_face
1484,49.467,,,75.0,no_face
1485,49.5,,,75.0,no_face
1486,49.533,,,75.0,no_face
1487,49.567,,,75.0,no_face
1488,49.6,,,75.0,no_face
1489,49.633,,,75.0,no_face
1490,49.667,,,75.0,no_face
1491,49.7,,,75.0,no_face
1492,49.733,61.88,False,75.0,mismatch
1493,49.767,64.00,False,75.0,mismatch
1494,49.8,,,75.0,no_face
1495,49.833,64.79,False,75.0,mismatch
1496,49.867,64.79,False,75.0,mismatch
1497,49.9,64.81,False,75.0,mismatch
1498,49.933,65.76,False,75.0,mismatch
1499,49.967,65.76,False,75.0,mismatch
1500,50.0,67.14,False,75.0,mismatch
1501,50.033,,,75.0,no_face
1502,50.067,,,75.0,no_face
1503,50.1,,,75.0,no_face
1504,50.133,,,75.0,no_face
1505,50.167,,,75.0,no_face
1506,50.2,,,75.0,no_face
1507,50.233,,,75.0,no_face
1508,50.267,,,75.0,no_face
1509,50.3,,,75.0,no_face
1510,50.333,,,75.0,no_face
1511,50.367,,,75.0,no_face
1512,50.4,,,75.0,no_face
1513,50.433,,,75.0,no_face
1514,50.467,,,75.0,no_face
1515,50.5,,,75.0,no_face
1516,50.533,,,75.0,no_face
1517,50.567,,,75.0,no_face
1518,50.6,,,75.0,no_face
1519,50.633,,,75.0,no_face
1520,50.667,,,75.0,no_face
1521,50.7,,,75.0,no_face
1522,50.733,,,75.0,no_face
1523,50.767,,,75.0,no_face
1524,50.8,,,75.0,no_face
1525,50.833,,,75.0,no_face
1526,50.867,,,75.0,no_face
1527,50.9,,,75.0,no_face
1528,50.933,,,75.0,no_face
1529,50.967,,,75.0,no_face
1530,51.0,,,75.0,no_face
1531,51.033,,,75.0,no_face
1532,51.067,,,75.0,no_face
1533,51.1,,,75.0,no_face
1534,51.133,,,75.0,no_face
1535,51.167,,,75.0,no_face
1536,51.2,,,75.0,no_face
1537,51.233,,,75.0,no_face
1538,51.267,,,75.0,no_face
1539,51.3,,,75.0,no_face
1540,51.333,,,75.0,no_face
1541,51.367,,,75.0,no_face
1542,51.4,,,75.0,no_face
1543,51.433,,,75.0,no_face
1544,51.467,,,75.0,no_face
1545,51.5,,,75.0,no_face
1546,51.533,,,75.0,no_face
1547,51.567,,,75.0,no_face
1548,51.6,,,75.0,no_face
1549,51.633,,,75.0,no_face
1550,51.667,,,75.0,no_face
1551,51.7,,,75.0,no_face
1552,51.733,,,75.0,no_face
1553,51.767,,,75.0,no_face
1554,51.8,,,75.0,no_face
1555,51.833,,,75.0,no_face
1556,51.867,,,75.0,no_face
1557,51.9,,,75.0,no_face
1558,51.933,,,75.0,no_face
1559,51.967,,,75.0,no_face
1560,52.0,,,75.0,no_face
1561,52.033,,,75.0,no_face
1562,52.067,,,75.0,no_face
1563,52.1,,,75.0,no_face
1564,52.133,,,75.0,no_face
1565,52.167,,,75.0,no_face
1566,52.2,,,75.0,no_face
1567,52.233,,,75.0,no_face
1568,52.267,,,75.0,no_face
1569,52.3,,,75.0,no_face
1570,52.333,,,75.0,no_face
1571,52.367,,,75.0,no_face
1572,52.4,,,75.0,no_face
1573,52.433,,,75.0,no_face
1574,52.467,,,75.0,no_face
1575,52.5,,,75.0,no_face
1576,52.533,,,75.0,no_face
1577,52.567,,,75.0,no_face
1578,52.6,,,75.0,no_face
1579,52.633,,,75.0,no_face
1580,52.667,,,75.0,no_face
1581,52.7,,,75.0,no_face
1582,52.733,,,75.0,no_face
1583,52.767,,,75.0,no_face
1584,52.8,,,75.0,no_face
1585,52.833,,,75.0,no_face
1586,52.867,,,75.0,no_face
1587,52.9,,,75.0,no_face
1588,52.933,,,75.0,no_face
1589,52.967,,,75.0,no_face
1590,53.0,,,75.0,no_face
1591,53.033,,,75.0,no_face
1592,53.067,,,75.0,no_face
1593,53.1,,,75.0,no_face
1594,53.133,,,75.0,no_face
1595,53.167,,,75.0,no_face
1596,53.2,,,75.0,no_face
1597,53.233,,,75.0,no_face
1598,53.267,,,75.0,no_face
1599,53.3,,,75.0,no_face
1600,53.333,,,75.0,no_face
1601,53.367,,,75.0,no_face
1602,53.4,,,75.0,no_face
1603,53.433,,,75.0,no_face
1604,53.467,,,75.0,no_face
1605,53.5,,,75.0,no_face
1606,53.533,,,75.0,no_face
1607,53.567,,,75.0,no_face
1608,53.6,,,75.0,no_face
1609,53.633,,,75.0,no_face
1610,53.667,,,75.0,no_face
1611,53.7,,,75.0,no_face
1612,53.733,,,75.0,no_face
1613,53.767,,,75.0,no_face
1614,53.8,,,75.0,no_face
1615,53.833,,,75.0,no_face
1616,53.867,,,75.0,no_face
1617,53.9,,,75.0,no_face
1618,53.933,,,75.0,no_face
1619,53.967,,,75.0,no_face
1620,54.0,,,75.0,no_face
1621,54.033,,,75.0,no_face
1622,54.067,,,75.0,no_face
1623,54.1,,,75.0,no_face
1624,54.133,,,75.0,no_face
1625,54.167,,,75.0,no_face
1626,54.2,,,75.0,no_face
1627,54.233,,,75.0,no_face
1628,54.267,,,75.0,no_face
1629,54.3,,,75.0,no_face
1630,54.333,,,75.0,no_face
1631,54.367,,,75.0,no_face
1632,54.4,,,75.0,no_face
1633,54.433,,,75.0,no_face
1634,54.467,,,75.0,no_face
1635,54.5,,,75.0,no_face
1636,54.533,,,75.0,no_face
1637,54.567,,,75.0,no_face
1638,54.6,,,75.0,no_face
1639,54.633,,,75.0,no_face
1640,54.667,,,75.0,no_face
1641,54.7,,,75.0,no_face
1642,54.733,,,75.0,no_face
1643,54.767,,,75.0,no_face
1644,54.8,,,75.0,no_face
1645,54.833,,,75.0,no_face
1646,54.867,,,75.0,no_face
1647,54.9,,,75.0,no_face
1648,54.933,,,75.0,no_face
1649,54.967,,,75.0,no_face
1650,55.0,,,75.0,no_face
1651,55.033,,,75.0,no_face
1652,55.067,,,75.0,no_face
1653,55.1,,,75.0,no_face
1654,55.133,,,75.0,no_face
1655,55.167,,,75.0,no_face
1656,55.2,,,75.0,no_face
1657,55.233,,,75.0,no_face
1658,55.267,,,75.0,no_face
1659,55.3,,,75.0,no_face
1660,55.333,,,75.0,no_face
1661,55.367,,,75.0,no_face
1662,55.4,,,75.0,no_face
1663,55.433,,,75.0,no_face
1664,55.467,,,75.0,no_face
1665,55.5,,,75.0,no_face
1666,55.533,,,75.0,no_face
1667,55.567,,,75.0,no_face
1668,55.6,,,75.0,no_face
1669,55.633,,,75.0,no_face
1670,55.667,,,75.0,no_face
1671,55.7,,,75.0,no_face
1672,55.733,,,75.0,no_face
1673,55.767,,,75.0,no_face
1674,55.8,,,75.0,no_face
1675,55.833,,,75.0,no_face
1676,55.867,,,75.0,no_face
1677,55.9,,,75.0,no_face
1678,55.933,,,75.0,no_face
1679,55.967,,,75.0,no_face
1680,56.0,,,75.0,no_face
1681,56.033,,,75.0,no_face
1682,56.067,,,75.0,no_face
1683,56.1,,,75.0,no_face
1684,56.133,,,75.0,no_face
1685,56.167,,,75.0,no_face
1686,56.2,,,75.0,no_face
1687,56.233,,,75.0,no_face
1688,56.267,,,75.0,no_face
1689,56.3,,,75.0,no_face
1690,56.333,,,75.0,no_face
1691,56.367,,,75.0,no_face
1692,56.4,,,75.0,no_face
1693,56.433,,,75.0,no_face
1694,56.467,,,75.0,no_face
1695,56.5,,,75.0,no_face
1696,56.533,,,75.0,no_face
1697,56.567,,,75.0,no_face
1698,56.6,62.37,False,75.0,mismatch
1699,56.633,62.37,False,75.0,mismatch
1700,56.667,,,75.0,no_face
1701,56.7,,,75.0,no_face
1702,56.733,,,75.0,no_face
1703,56.767,,,75.0,no_face
1704,56.8,,,75.0,no_face
1705,56.833,,,75.0,no_face
1706,56.867,,,75.0,no_face
1707,56.9,,,75.0,no_face
1708,56.933,,,75.0,no_face
1709,56.967,,,75.0,no_face
1710,57.0,,,75.0,no_face
1711,57.033,,,75.0,no_face
1712,57.067,,,75.0,no_face
1713,57.1,,,75.0,no_face
1714,57.133,,,75.0,no_face
1715,57.167,,,75.0,no_face
1716,57.2,,,75.0,no_face
1717,57.233,,,75.0,no_face
1718,57.267,,,75.0,no_face
1719,57.3,,,75.0,no_face
1720,57.333,,,75.0,no_face
1721,57.367,,,75.0,no_face
1722,57.4,,,75.0,no_face
1723,57.433,,,75.0,no_face
1724,57.467,,,75.0,no_face
1725,57.5,,,75.0,no_face
1726,57.533,,,75.0,no_face
1727,57.567,,,75.0,no_face
1728,57.6,,,75.0,no_face
1729,57.633,,,75.0,no_face
1730,57.667,,,75.0,no_face
1731,57.7,,,75.0,no_face
1732,57.733,,,75.0,no_face
1733,57.767,,,75.0,no_face
1734,57.8,,,75.0,no_face
1735,57.833,,,75.0,no_face
1736,57.867,,,75.0,no_face
1737,57.9,,,75.0,no_face
1738,57.933,,,75.0,no_face
1739,57.967,,,75.0,no_face
1740,58.0,,,75.0,no_face
1741,58.033,,,75.0,no_face
1742,58.067,,,75.0,no_face
1743,58.1,,,75.0,no_face
1744,58.133,,,75.0,no_face
1745,58.167,,,75.0,no_face
1746,58.2,,,75.0,no_face
1747,58.233,,,75.0,no_face
1748,58.267,,,75.0,no_face
1749,58.3,,,75.0,no_face
1750,58.333,,,75.0,no_face
1751,58.367,,,75.0,no_face
1752,58.4,,,75.0,no_face
1753,58.433,,,75.0,no_face
1754,58.467,,,75.0,no_face
1755,58.5,,,75.0,no_face
1756,58.533,63.49,False,75.0,mismatch
1757,58.567,64.20,False,75.0,mismatch
1758,58.6,69.58,False,75.0,mismatch
1759,58.633,65.63,False,75.0,mismatch
1760,58.667,,,75.0,no_face
1761,58.7,,,75.0,no_face
1762,58.733,,,75.0,no_face
1763,58.767,,,75.0,no_face
1764,58.8,67.17,False,75.0,mismatch
1765,58.833,,,75.0,no_face
1766,58.867,65.18,False,75.0,mismatch
1767,58.9,64.98,False,75.0,mismatch
1768,58.933,64.81,False,75.0,mismatch
1769,58.967,59.34,False,75.0,mismatch
1770,59.0,63.25,False,75.0,mismatch
1771,59.033,62.61,False,75.0,mismatch
1772,59.067,68.78,False,75.0,mismatch
1773,59.1,67.13,False,75.0,mismatch
1774,59.133,66.99,False,75.0,mismatch
1775,59.167,65.89,False,75.0,mismatch
1776,59.2,65.26,False,75.0,mismatch
1777,59.233,65.26,False,75.0,mismatch
1778,59.267,65.19,False,75.0,mismatch
1779,59.3,67.25,False,75.0,mismatch
1780,59.333,66.70,False,75.0,mismatch
1781,59.367,68.56,False,75.0,mismatch
1782,59.4,68.04,False,75.0,mismatch
1783,59.433,68.04,False,75.0,mismatch
1784,59.467,72.17,False,75.0,mismatch
1785,59.5,74.59,False,75.0,mismatch
1786,59.533,74.27,False,75.0,mismatch
1787,59.567,73.02,False,75.0,mismatch
1788,59.6,74.26,False,75.0,mismatch
1789,59.633,74.61,False,75.0,mismatch
1790,59.667,72.90,False,75.0,mismatch
1791,59.7,73.03,False,75.0,mismatch
1792,59.733,71.68,False,75.0,mismatch
1793,59.767,74.36,False,75.0,mismatch
